repo_id,repo_full_name,early_4week_stars,early_avg_weekly_stars,early_max_weekly_stars,later_stars,later_avg_weekly_stars,became_high_growth,language,topics,stars_count,forks_count,watchers_count,open_issues_count,created_at,updated_at,pushed_at,archived,is_fork,license,html_url,topic_count,has_ai_topic,has_ml_topic,has_deep_learning_topic,has_data_science_topic,has_web_topic,has_llm_topic,early_to_total_star_ratio,early_peak_to_average_ratio,forks_per_star,issues_per_star
576201,mrdoob/three.js,1500,1500.0,1500,0.0,0.0,0,JavaScript,3d|augmented-reality|canvas|html5|javascript|svg|virtual-reality|webaudio|webgl|webgl2|webgpu|webxr,113027,36383,113027,428,2010-03-23T18:58:01Z,2026-06-13T20:26:29Z,2026-06-13T18:15:26Z,0,0,MIT,https://github.com/mrdoob/three.js,1,0,1,0,0,1,0,0.013271047881940758,0.9993337774816788,0.3218936900591004,0.0037866723289804297
858127,pandas-dev/pandas,548,137.0,538,952.0,7.0,1,Python,alignment|data-analysis|data-science|flexible|pandas|python,48974,20012,48974,3213,2010-08-24T01:37:33Z,2026-06-13T18:29:12Z,2026-06-11T22:16:14Z,0,0,BSD-3-Clause,https://github.com/pandas-dev/pandas,1,0,0,0,1,0,0,0.011189382337927514,3.898550724637681,0.40861664114344054,0.06560490045941807
931135,Leaflet/Leaflet,1500,1500.0,1500,0.0,0.0,0,JavaScript,javascript|leaflet|maps,45192,6134,45192,547,2010-09-22T16:57:44Z,2026-06-13T18:36:04Z,2026-06-12T15:33:26Z,0,0,BSD-2-Clause,https://github.com/Leaflet/Leaflet,1,0,0,0,0,1,0,0.03319098090412232,0.9993337774816788,0.13572898457725754,0.012103644369703273
1362490,psf/requests,1500,1500.0,1500,0.0,0.0,0,Python,client|cookies|forhumans|http|humans|python|python-requests|requests,54038,9969,54038,229,2011-02-13T18:38:17Z,2026-06-13T18:40:24Z,2026-06-09T15:46:02Z,0,0,Apache-2.0,https://github.com/psf/requests,1,0,0,0,0,0,0,0.027757730527952034,0.9993337774816788,0.18447787708876923,0.004237680193934011
1644196,JuliaLang/julia,1097,274.25,1068,403.0,6.948275862068965,0,Julia,hacktoberfest|hpc|julia|julia-language|julialang|machine-learning|numerical|programming-language|science|scientific,48838,5790,48838,4712,2011-04-21T07:01:50Z,2026-06-13T18:35:17Z,2026-06-13T16:59:44Z,0,0,MIT,https://github.com/JuliaLang/julia,1,0,1,0,0,0,0,0.022461557361944346,3.880108991825613,0.1185527959212924,0.09648027191383934
2126244,twbs/bootstrap,1500,1500.0,1500,0.0,0.0,0,MDX,bootstrap|css|css-framework|html|javascript|sass|scss,174317,78823,174317,447,2011-07-29T21:19:00Z,2026-06-13T20:21:08Z,2026-06-13T05:37:00Z,0,0,MIT,https://github.com/twbs/bootstrap,1,0,1,0,0,1,0,0.008604963342856159,0.9993337774816788,0.452179350382634,0.0025642790761711354
3214406,meteor/meteor,1500,1500.0,1500,0.0,0.0,0,JavaScript,build-system|framework|hacktoberfest|javascript|meteor|mongodb|nodejs|npm|react|reactive-programming|realtime|rpc|zero-configuration,44780,5247,44780,397,2012-01-19T01:58:17Z,2026-06-13T05:56:20Z,2026-06-12T18:21:27Z,0,0,NOASSERTION,https://github.com/meteor/meteor,1,0,0,0,0,1,0,0.033496348897970124,0.9993337774816788,0.11717022844509949,0.008865367008329425
4164482,django/django,1500,1500.0,1500,0.0,0.0,0,Python,apps|django|framework|models|orm|python|templates|views|web,87853,33855,87853,450,2012-04-28T02:47:18Z,2026-06-13T20:36:01Z,2026-06-11T20:27:10Z,0,0,BSD-3-Clause,https://github.com/django/django,1,0,0,0,0,1,0,0.01707378150112687,0.9993337774816788,0.38535524848043345,0.005122134450338061
5108051,opencv/opencv,289,72.25,274,1211.0,18.074626865671643,1,C++,c-plus-plus|computer-vision|deep-learning|image-processing|opencv,89055,56652,89055,2724,2012-07-19T09:40:17Z,2026-06-13T20:55:32Z,2026-06-11T18:00:04Z,0,0,Apache-2.0,https://github.com/opencv/opencv,1,0,0,1,0,0,0,0.0032451491196550486,3.74061433447099,0.6361390585698886,0.030587495508444126
5625464,pyenv/pyenv,46,11.5,36,1454.0,17.105882352941176,1,Shell,python|shell,44885,3250,44885,56,2012-08-31T06:57:52Z,2026-06-13T14:25:02Z,2026-06-12T12:34:14Z,0,0,MIT,https://github.com/pyenv/pyenv,1,0,0,0,0,0,0,0.0010248184289087911,2.88,0.0724056498685559,0.0012476050438889631
6498492,airbnb/javascript,1315,328.75,1301,185.0,12.333333333333334,0,JavaScript,arrow-functions|es2015|es2016|es2017|es2018|es6|eslint|javascript|linting|naming-conventions|style-guide|style-linter|styleguide|tc39,148085,26651,148085,159,2012-11-01T23:13:50Z,2026-06-13T18:37:32Z,2026-04-16T19:24:09Z,0,0,MIT,https://github.com/airbnb/javascript,1,0,0,0,0,1,0,0.008879975149575246,3.9454131918119786,0.17996974730899612,0.0010737004173250679
7569578,discourse/discourse,1500,1500.0,1500,0.0,0.0,0,Ruby,discourse|ember|forum|javascript|postgresql|rails|ruby,47256,8934,47256,163,2013-01-12T00:25:55Z,2026-06-13T17:20:02Z,2026-06-12T23:15:33Z,0,0,GPL-2.0,https://github.com/discourse/discourse,1,1,0,0,0,1,0,0.03174132932687221,0.9993337774816788,0.1890513574708509,0.0034492244535201133
7741856,pixijs/pixijs,1026,256.5,790,474.0,118.5,0,TypeScript,canvas|canvas2d|data-visualization|game|glsl|javascript|pixi|pixijs|renderer|rendering|rendering-2d-graphics|rendering-engine|webgl,47397,5029,47397,331,2013-01-21T22:40:50Z,2026-06-13T14:51:30Z,2026-06-09T12:53:40Z,0,0,MIT,https://github.com/pixijs/pixijs,1,0,0,0,0,1,0,0.021646482973965146,3.0679611650485437,0.1061015232710241,0.006983417021815266
9384267,electron/electron,1500,500.0,1300,0.0,0.0,0,C++,c-plus-plus|chrome|css|electron|html|javascript|nodejs|v8|works-with-codespaces,121619,17246,121619,872,2013-04-12T01:47:36Z,2026-06-13T15:58:53Z,2026-06-13T13:01:06Z,0,0,MIT,https://github.com/electron/electron,1,0,1,0,0,1,0,0.0123334977799704,2.594810379241517,0.14180233514224633,0.007169873376089459
9852918,TryGhost/Ghost,5,1.25,2,1495.0,299.0,1,JavaScript,blogging|cms|ghost|javascript|journalism|nodejs|publishing|web-application,53915,11708,53915,160,2013-05-04T11:09:13Z,2026-06-13T20:28:56Z,2026-06-13T20:55:06Z,0,0,MIT,https://github.com/TryGhost/Ghost,1,0,0,0,0,1,0,9.27368499146821e-05,0.8888888888888888,0.2171526077602196,0.0029675791972698273
10270250,react/react,1325,331.25,1003,175.0,29.166666666666668,0,JavaScript,declarative|frontend|javascript|library|react|ui,245816,51056,245816,1287,2013-05-24T16:15:54Z,2026-06-13T20:47:22Z,2026-06-12T19:00:16Z,0,0,MIT,https://github.com/react/react,1,0,0,0,0,1,0,0.005390188636261934,3.018811136192626,0.2076992234060297,0.005235602094240838
10744183,netdata/netdata,4,1.0,1,1496.0,93.5,1,C,ai|alerting|cncf|data-visualization|database|devops|docker|grafana|influxdb|kubernetes|linux|machine-learning|mcp|mongodb|monitoring|mysql|netdata|observability|postgresql|prometheus,79143,6450,79143,336,2013-06-17T18:39:10Z,2026-06-13T19:59:34Z,2026-06-13T08:41:04Z,0,0,GPL-3.0,https://github.com/netdata/netdata,1,1,1,0,0,0,0,5.054078641463661e-05,0.5,0.08149701809360153,0.004245426058829475
11730342,vuejs/vue,5,1.25,2,1495.0,57.5,1,TypeScript,framework|frontend|javascript|vue,209869,33706,209869,629,2013-07-29T03:24:51Z,2026-06-13T19:52:24Z,2024-10-10T07:24:15Z,0,0,MIT,https://github.com/vuejs/vue,1,0,0,0,0,1,0,2.3824272168485253e-05,0.8888888888888888,0.16060418354219277,0.002997093438795445
12256376,ionic-team/ionic-framework,4,1.0,1,1496.0,374.0,1,TypeScript,angular|capacitor|framework|frontend|ionic|ios|javascript|material-design|mobile|pwa|react|stencil|stenciljs|typescript|ui-components|vue|web|webcomponents,52512,13359,52512,622,2013-08-20T23:06:02Z,2026-06-13T19:43:13Z,2026-06-12T22:30:09Z,0,0,MIT,https://github.com/ionic-team/ionic-framework,1,0,0,0,0,1,0,7.61716146478015e-05,0.5,0.25439415001999505,0.011844686077733133
12888993,home-assistant/core,4,1.0,1,1496.0,88.0,1,Python,asyncio|hacktoberfest|home-automation|internet-of-things|iot|mqtt|python|raspberry-pi,87701,37666,87701,3453,2013-09-17T07:29:48Z,2026-06-13T20:30:40Z,2026-06-13T20:26:58Z,0,0,Apache-2.0,https://github.com/home-assistant/core,1,0,0,0,0,0,0,4.5608994093635264e-05,0.5,0.42947709288271646,0.039371964151330645
14098069,justjavac/free-programming-books-zh_CN,870,217.5,376,630.0,33.1578947368421,1,Unknown,android|angular|books|free|ios|javascript|kotlin|pdf|programming|python|react|react-native|swift|vue,117105,28233,117105,32,2013-11-04T01:59:19Z,2026-06-13T20:22:19Z,2024-07-15T08:55:20Z,0,0,GPL-3.0,https://github.com/justjavac/free-programming-books-zh_CN,1,0,0,0,0,1,0,0.007429166737827267,1.7208237986270023,0.2410892695506635,0.0002732567075982443
14440270,getify/You-Dont-Know-JS,1500,500.0,904,0.0,0.0,0,Unknown,async|book|book-series|closures|education|es2015|es6|javascript|learn-to-code|programming|prototypes|training-materials|training-providers,184527,33525,184527,2,2013-11-16T02:37:24Z,2026-06-13T18:37:33Z,2026-02-15T04:36:44Z,0,0,NOASSERTION,https://github.com/getify/You-Dont-Know-JS,1,1,0,0,0,1,0,0.00812884765455649,1.8043912175648702,0.18167974507933754,1.0838463539408653e-05
15062869,jestjs/jest,1021,255.25,736,479.0,19.16,1,TypeScript,easy|expectation|facebook|immersive|javascript|painless|painless-javascript-testing|snapshot|testing,45440,6662,45440,236,2013-12-10T00:18:04Z,2026-06-13T18:40:57Z,2026-06-11T18:56:28Z,0,0,MIT,https://github.com/jestjs/jest,1,1,0,0,0,1,0,0.02246869567131005,2.8721951219512194,0.14660768909134922,0.005193547677207808
19745004,odoo/odoo,520,130.0,284,980.0,30.625,1,Python,apps|business|erp|management|odoo|odoo-apps|python,52388,32787,52388,9742,2014-05-13T15:38:58Z,2026-06-13T19:29:16Z,2026-06-13T20:19:38Z,0,0,NOASSERTION,https://github.com/odoo/odoo,1,0,0,0,0,0,0,0.009925747771478746,2.16793893129771,0.6258374849682186,0.18595506690335759
20929025,microsoft/TypeScript,1500,375.0,1303,0.0,0.0,0,TypeScript,javascript|language|typechecker|typescript,109226,13429,109226,5036,2014-06-17T15:28:39Z,2026-06-13T19:40:57Z,2026-06-12T20:10:40Z,0,0,Apache-2.0,https://github.com/microsoft/TypeScript,1,0,0,0,0,1,0,0.01373286824686204,3.4654255319148937,0.12294579179140688,0.04610581632746482
21289110,vinta/awesome-python,1500,750.0,1478,0.0,0.0,0,Python,awesome|collections|python|python-frameworks|python-libraries|python-tools,302737,28076,302737,18,2014-06-27T21:00:06Z,2026-06-13T20:55:37Z,2026-06-12T04:11:12Z,0,0,NOASSERTION,https://github.com/vinta/awesome-python,1,0,0,0,0,0,0,0.004954779380190131,1.9680426098535286,0.09274025725214542,5.945735256228158e-05
22670857,enaqx/awesome-react,12,3.0,4,1488.0,165.33333333333334,1,Unknown,awesome|awesome-list|javascript|react|react-apps|react-native|react-tutorial|samples|tutorial|typescript,73610,7584,73610,40,2014-08-06T05:31:44Z,2026-06-13T20:10:06Z,2026-06-02T08:27:23Z,0,0,No License,https://github.com/enaqx/awesome-react,1,0,0,0,0,1,0,0.00016301911399111546,1.0,0.10302808004238496,0.0005433970466370516
22887094,tesseract-ocr/tesseract,6,1.5,2,1494.0,34.74418604651163,1,C++,hacktoberfest|lstm|machine-learning|ocr|ocr-engine|tesseract|tesseract-ocr,74666,10657,74666,481,2014-08-12T18:04:59Z,2026-06-13T18:25:17Z,2026-06-13T14:33:54Z,0,0,Apache-2.0,https://github.com/tesseract-ocr/tesseract,1,0,1,0,0,0,0,8.035678412149946e-05,0.8,0.14272704139713663,0.0064419355270735395
23083156,mui/material-ui,6,1.5,2,1494.0,213.42857142857144,1,JavaScript,design-system|material-design|material-ui|react|react-components,98403,32603,98403,1520,2014-08-18T19:11:54Z,2026-06-13T20:05:40Z,2026-06-11T18:41:13Z,0,0,MIT,https://github.com/mui/material-ui,1,0,0,0,0,1,0,6.097313117352953e-05,0.8,0.33131783260843056,0.015446526563960814
23088740,axios/axios,116,29.0,58,1384.0,21.96825396825397,1,JavaScript,hacktoberfest|http-client|javascript|nodejs|promise,109076,11712,109076,147,2014-08-18T22:30:27Z,2026-06-13T20:47:32Z,2026-06-13T12:16:53Z,0,0,MIT,https://github.com/axios/axios,1,0,0,0,0,1,0,0.00106346892562135,1.9333333333333333,0.10737369014549356,0.0013476718281580902
24195339,angular/angular,42,10.5,14,1458.0,69.42857142857143,1,TypeScript,angular|javascript|pwa|typescript|web|web-framework|web-performance,100327,27176,100327,1167,2014-09-18T16:12:01Z,2026-06-13T16:30:20Z,2026-06-12T17:19:26Z,0,0,MIT,https://github.com/angular/angular,1,0,0,0,0,1,0,0.00041862690375568136,1.2173913043478262,0.2708715413443904,0.011631847540068576
26066727,mermaid-js/mermaid,1500,750.0,817,0.0,0.0,0,TypeScript,diagrams|diagrams-as-code|documentation|flowchart|javascript|mindmap|typescript|uml-diagrams,88629,9039,88629,1606,2014-11-01T23:52:32Z,2026-06-13T20:26:53Z,2026-06-13T05:37:40Z,0,0,MIT,https://github.com/mermaid-js/mermaid,1,0,1,0,0,1,0,0.016924292000451313,1.0878828229027964,0.10198578359471962,0.018120275301816542
27193779,nodejs/node,1500,750.0,1041,0.0,0.0,0,JavaScript,javascript|js|linux|macos|mit|node|nodejs|runtime|windows,117760,35675,117760,2489,2014-11-26T19:57:11Z,2026-06-13T20:50:23Z,2026-06-13T20:50:15Z,0,0,NOASSERTION,https://github.com/nodejs/node,1,0,0,0,0,1,0,0.012737663572829714,1.3861517976031958,0.30294409864046673,0.021136029755182105
28457823,freeCodeCamp/freeCodeCamp,47,11.75,33,1453.0,60.541666666666664,1,TypeScript,careers|certification|community|curriculum|d3|education|freecodecamp|javascript|learn-to-code|math|nodejs|nonprofits|programming|react|teachers,446814,44925,446814,189,2014-12-24T17:49:19Z,2026-06-13T20:52:35Z,2026-06-13T15:43:32Z,0,0,BSD-3-Clause,https://github.com/freeCodeCamp/freeCodeCamp,1,0,0,0,0,1,0,0.00010518894844622494,2.588235294117647,0.10054496827546076,0.0004229938565177982
29028775,react/react-native,62,15.5,49,1438.0,239.66666666666663,1,C++,android|app-framework|cross-platform|ios|mobile|mobile-development|react|react-native,126005,25176,126005,1081,2015-01-09T18:10:16Z,2026-06-13T20:47:02Z,2026-06-13T02:59:40Z,0,0,MIT,https://github.com/react/react-native,1,0,0,0,0,1,0,0.000492040061584369,2.9696969696969697,0.19980000952335603,0.00857895655762424
32689863,3b1b/manim,5,1.25,2,1495.0,17.183908045977013,1,Python,3b1b-videos|animation|explanatory-math-videos|python,87567,7309,87567,494,2015-03-22T18:50:58Z,2026-06-13T20:47:40Z,2026-04-18T13:59:18Z,0,0,MIT,https://github.com/3b1b/manim,1,0,0,0,0,0,0,5.709848346427919e-05,0.8888888888888888,0.08346656312808332,0.0056413301662707836
33614304,nvbn/thefuck,1500,750.0,1497,0.0,0.0,0,Python,python|shell,97329,3945,97329,452,2015-04-08T15:08:04Z,2026-06-13T20:53:22Z,2024-07-19T14:56:13Z,0,0,MIT,https://github.com/nvbn/thefuck,1,0,0,0,0,0,0,0.01541148669474982,1.9933422103861518,0.040532210007192024,0.0046439946573512796
33884891,apache/airflow,509,127.25,257,991.0,34.172413793103445,1,Python,airflow|apache|apache-airflow|automation|dag|data-engineering|data-integration|data-orchestrator|data-pipelines|data-science|elt|etl|machine-learning|mlops|orchestration|python|scheduler|workflow|workflow-engine|workflow-orchestration,45800,17234,45800,1712,2015-04-13T18:04:58Z,2026-06-13T20:44:34Z,2026-06-13T20:44:27Z,0,0,Apache-2.0,https://github.com/apache/airflow,1,1,1,0,1,0,0,0.011113294469553066,2.003898635477583,0.3762799938865964,0.03737909652627672
34526884,ant-design/ant-design,1500,1500.0,1500,0.0,0.0,0,TypeScript,ant-design|antd|design-systems|react|typescript|ui-kit|ui-library,98343,54625,98343,1351,2015-04-24T15:37:24Z,2026-06-13T20:06:46Z,2026-06-13T19:02:54Z,0,0,MIT,https://github.com/ant-design/ant-design,1,0,0,0,0,1,0,0.015252582770682503,0.9993337774816788,0.5554482225656878,0.013737492882128041
35866694,RocketChat/Rocket.Chat,1500,500.0,807,0.0,0.0,0,TypeScript,chat|collaboration|foss|free|hacktoberfest|javascript|meteor|mit|real-time|slack|webrtc,45456,13644,45456,3759,2015-05-19T07:36:09Z,2026-06-13T17:25:05Z,2026-06-13T19:37:00Z,0,0,NOASSERTION,https://github.com/RocketChat/Rocket.Chat,1,0,0,0,0,1,0,0.0329982180962228,1.6107784431137724,0.30015179180324264,0.08269353454913435
39464018,apache/superset,16,4.0,11,1484.0,51.172413793103445,1,TypeScript,analytics|apache|apache-superset|asf|bi|business-analytics|business-intelligence|data-analysis|data-analytics|data-engineering|data-science|data-visualization|data-viz|flask|python|react|sql-editor|superset,73275,17606,73275,1189,2015-07-21T18:55:34Z,2026-06-13T19:27:05Z,2026-06-13T19:32:39Z,0,0,Apache-2.0,https://github.com/apache/superset,1,0,0,0,1,1,0,0.00021835253015994323,2.2,0.24026966537474753,0.016226322397510783
43441403,strapi/strapi,47,11.75,15,519.0,12.357142857142858,1,TypeScript,api|cms|cms-framework|content-management|content-management-system|customizable|dashboard|graphql|hacktoberfest|headless-cms|jamstack|javascript|mysql|no-code|nodejs|posgresql|rest|strapi|typescript,72354,9739,72354,644,2015-09-30T15:34:48Z,2026-06-13T18:35:18Z,2026-06-12T16:47:28Z,0,0,NOASSERTION,https://github.com/strapi/strapi,1,0,0,0,0,1,0,0.0006495750120931518,1.1764705882352942,0.13460023495266396,0.008900559740169995
45717250,tensorflow/tensorflow,1500,1500.0,1500,0.0,0.0,0,C++,deep-learning|deep-neural-networks|distributed|machine-learning|ml|neural-network|python|tensorflow,195642,75177,195642,3413,2015-11-07T01:19:20Z,2026-06-13T20:35:28Z,2026-06-13T20:35:19Z,0,0,Apache-2.0,https://github.com/tensorflow/tensorflow,1,0,1,1,0,0,0,0.007667026165004626,0.9993337774816788,0.3842560173377018,0.017445040200773858
47018239,DopplerHQ/awesome-interview-questions,1500,750.0,934,0.0,0.0,0,Unknown,android-interview-questions|angularjs-interview-questions|awesome|awesome-list|awesomeness|interview-practice|interview-questions|interviewing|javascript|javascript-interview-questions|list|python-interview-questions|rails-interview|ruby,83070,9532,83070,48,2015-11-28T09:48:17Z,2026-06-13T20:59:46Z,2024-07-29T14:21:23Z,1,0,No License,https://github.com/DopplerHQ/awesome-interview-questions,1,1,0,0,0,1,0,0.018056842941580095,1.2436750998668442,0.11474521794609431,0.000577818974130563
54173593,storybookjs/storybook,1500,750.0,1488,0.0,0.0,0,TypeScript,angular|components|design-systems|documentation|html|javascript|react|react-native|stories|storybook|styleguide|svelte|testing|typescript|ui|vite|vue|web-components|webpack|workshop,90326,10129,90326,1817,2016-03-18T04:23:44Z,2026-06-13T20:08:32Z,2026-06-13T20:16:43Z,0,0,MIT,https://github.com/storybookjs/storybook,1,0,1,0,0,1,0,0.016606330333122987,1.981358189081225,0.11213701329613515,0.02011580147685631
58028038,521xueweihan/HelloGitHub,55,13.75,31,1445.0,34.404761904761905,1,Python,awesome|github|hellogithub|python,161166,12153,161166,434,2016-05-04T06:24:11Z,2026-06-13T20:31:47Z,2026-05-29T03:35:49Z,0,0,No License,https://github.com/521xueweihan/HelloGitHub,1,0,0,0,0,0,0,0.0003412609281056296,2.1016949152542375,0.07540625562304938,0.002692858959960786
61893399,brillout/awesome-react-components,92,23.0,78,1408.0,281.6,1,Unknown,awesome|awesome-list|react|react-component|react-components,47764,3782,47764,55,2016-06-24T15:19:33Z,2026-06-13T21:00:12Z,2026-01-26T16:36:45Z,0,0,CC0-1.0,https://github.com/brillout/awesome-react-components,1,0,0,0,0,1,0,0.001926096514184026,3.25,0.0791793153983042,0.0011514707421752329
62367558,vercel/hyper,1500,500.0,1306,0.0,0.0,0,TypeScript,css|html|hyper|javascript|linux|macos|react|terminal|terminal-emulators,44600,3561,44600,1043,2016-07-01T06:01:21Z,2026-06-13T15:44:27Z,2026-06-08T11:03:23Z,0,0,MIT,https://github.com/vercel/hyper,1,0,1,0,0,1,0,0.033631532925270734,2.6067864271457086,0.07984125916459273,0.02338512589403825
63476337,TheAlgorithms/Python,254,63.5,114,1246.0,21.482758620689655,1,Python,algorithm|algorithm-competitions|algorithms-implemented|algos|community-driven|education|hacktoberfest|interview|learn|practice|python|searches|sorting-algorithms|sorts,221924,50758,221924,950,2016-07-16T09:44:01Z,2026-06-13T20:44:55Z,2026-06-01T19:33:28Z,0,0,MIT,https://github.com/TheAlgorithms/Python,1,0,0,0,0,0,0,0.0011445308099583193,1.7674418604651163,0.22871690886560775,0.004280725470316549
63537249,react/create-react-app,1500,750.0,1499,0.0,0.0,0,JavaScript,build-tools|react|zero-configuration,103326,26997,103326,2409,2016-07-17T14:55:11Z,2026-06-13T14:37:08Z,2025-02-15T01:32:11Z,0,0,MIT,https://github.com/react/create-react-app,1,0,0,0,0,1,0,0.014517018785022307,1.996005326231691,0.2612773040928315,0.023314332168745826
65388917,jakevdp/PythonDataScienceHandbook,165,41.25,128,1335.0,74.16666666666667,1,Jupyter Notebook,jupyter-notebook|matplotlib|numpy|pandas|python|scikit-learn,48525,18980,48525,230,2016-08-10T14:24:36Z,2026-06-13T19:42:59Z,2024-06-26T19:17:33Z,0,0,MIT,https://github.com/jakevdp/PythonDataScienceHandbook,1,0,0,0,0,0,0,0.0034002390471087663,3.029585798816568,0.39113052796439024,0.0047397271565758564
65600975,pytorch/pytorch,6,1.5,3,1494.0,149.4,1,Python,autograd|deep-learning|gpu|machine-learning|neural-network|numpy|python|tensor,100728,28009,100728,18395,2016-08-13T05:26:41Z,2026-06-13T20:23:28Z,2026-06-13T20:38:59Z,0,0,NOASSERTION,https://github.com/pytorch/pytorch,1,0,1,1,0,0,0,5.9565765569001974e-05,1.2,0.27806292130369603,0.18261870960696522
65750241,expo/expo,120,30.0,51,1380.0,25.555555555555557,1,TypeScript,android|app-framework|expo|framework|frontend|ios|javascript|mobile|native|native-apps|react|react-native|typescript|universal|web|web-framework,50052,12738,50052,584,2016-08-15T17:14:25Z,2026-06-13T19:56:26Z,2026-06-13T20:15:49Z,0,0,MIT,https://github.com/expo/expo,1,0,0,0,0,1,0,0.0023974586937845883,1.6451612903225807,0.25449024034523404,0.011667632309751663
67274736,ElemeFE/element,1500,375.0,765,0.0,0.0,0,Vue,components|element-ui|javascript|ui-kit|vue|vue-components|vuejs,54118,14458,54118,2971,2016-09-03T06:19:26Z,2026-06-13T06:56:27Z,2024-08-20T07:40:13Z,0,0,MIT,https://github.com/ElemeFE/element,1,0,0,0,0,1,0,0.027716698386888155,2.0345744680851063,0.2671520168517526,0.05489754060496314
70107786,vercel/next.js,1500,1500.0,1500,0.0,0.0,0,JavaScript,blog|browser|compiler|components|hybrid|nextjs|node|react|server-rendering|ssg|static|static-site-generator|universal|vercel,139981,31219,139981,4075,2016-10-05T23:32:51Z,2026-06-13T18:30:45Z,2026-06-13T20:55:48Z,0,0,MIT,https://github.com/vercel/next.js,1,0,0,0,0,1,0,0.0107156634424426,0.9993337774816788,0.22302153133974367,0.029110885685302398
71583602,Developer-Y/cs-video-courses,1500,375.0,904,0.0,0.0,0,Unknown,algorithms|bioinformatics|computational-biology|computational-physics|computer-architecture|computer-science|computer-vision|database-systems|databases|deep-learning|embedded-systems|machine-learning|quantum-computing|reinforcement-learning|robotics|security|systems|web-development,81786,11301,81786,2,2016-10-21T17:02:11Z,2026-06-13T20:34:43Z,2026-06-13T15:50:10Z,0,0,No License,https://github.com/Developer-Y/cs-video-courses,1,0,1,1,0,1,0,0.018340323034223043,2.404255319148936,0.1381759937398364,2.4453764045630723e-05
74791366,ryanmcdermott/clean-code-javascript,1500,750.0,1498,0.0,0.0,0,JavaScript,best-practices|clean-architecture|clean-code|composition|inheritance|javascript|principles,94448,12460,94448,123,2016-11-25T22:25:41Z,2026-06-13T14:26:36Z,2024-07-29T07:24:37Z,0,0,MIT,https://github.com/ryanmcdermott/clean-code-javascript,1,0,0,0,0,1,0,0.015881586888161867,1.9946737683089215,0.13192304841766456,0.001302290124829273
75104123,prettier/prettier,32,8.0,16,1468.0,1468.0,1,JavaScript,angular|ast|css|flow|formatter|graphql|html|javascript|json|jsx|less|markdown|prettier|printer|scss|typescript|vue|yaml,52010,4741,52010,1409,2016-11-29T17:13:37Z,2026-06-13T18:42:16Z,2026-06-13T02:36:17Z,0,0,MIT,https://github.com/prettier/prettier,1,0,1,0,0,1,0,0.0006152544654015496,1.7777777777777777,0.09115379438964834,0.027090423179711984
79162682,laurent22/joplin,1500,375.0,1478,0.0,0.0,0,TypeScript,android|dropbox|electron|enex-files|evernote|javascript|joplin|nextcloud|nodejs|note-taking|notesnook|obsidian|onedrive|react-native|standardnotes|synchronisation|web-clipper|webdav,55180,6141,55180,566,2017-01-16T21:49:41Z,2026-06-13T20:17:51Z,2026-06-13T20:20:39Z,0,0,NOASSERTION,https://github.com/laurent22/joplin,1,0,0,0,0,1,0,0.027183269603667928,3.9308510638297873,0.11128830575741651,0.010257153730450698
80945428,nestjs/nest,70,17.5,47,1430.0,46.12903225806452,1,TypeScript,framework|hacktoberfest|javascript|javascript-framework|microservices|nest|nestjs|node|nodejs|nodejs-framework|typescript|typescript-framework|websockets,75826,8319,75826,28,2017-02-04T20:12:52Z,2026-06-13T18:32:32Z,2026-06-12T22:48:14Z,0,0,MIT,https://github.com/nestjs/nest,1,0,0,0,0,1,0,0.0009231540216545558,2.5405405405405403,0.10971026151634641,0.0003692616086618223
83222441,donnemartin/system-design-primer,1500,1500.0,1500,0.0,0.0,0,Python,design|design-patterns|design-system|development|interview|interview-practice|interview-questions|programming|python|system|web|web-application|webapp,352930,56693,352930,550,2017-02-26T16:15:28Z,2026-06-13T20:55:26Z,2026-03-20T01:52:19Z,0,0,NOASSERTION,https://github.com/donnemartin/system-design-primer,1,0,0,0,0,1,0,0.004250122545200053,0.9993337774816788,0.1606347983033511,0.0015583782665733528
88011908,practical-tutorials/project-based-learning,1500,375.0,754,0.0,0.0,0,Unknown,beginner-project|cpp|golang|javascript|project|python|tutorial|webdevelopment,268897,34848,268897,311,2017-04-12T05:07:46Z,2026-06-13T20:57:41Z,2024-08-15T05:33:54Z,0,0,MIT,https://github.com/practical-tutorials/project-based-learning,1,0,0,0,0,1,0,0.00557832337912517,2.00531914893617,0.12959560874383597,0.0011565723806052854
91629816,freqtrade/freqtrade,4,1.0,1,1496.0,15.583333333333334,1,Python,algorithmic-trading|bitcoin|cryptocurrencies|cryptocurrency|freqtrade|python|telegram-bot|trade|trading-bot,51415,10707,51415,32,2017-05-17T23:48:53Z,2026-06-13T20:55:21Z,2026-06-13T07:33:22Z,0,0,GPL-3.0,https://github.com/freqtrade/freqtrade,1,0,0,0,0,0,0,7.779679477205539e-05,0.5,0.20824257040609928,0.0006223743581764431
101138315,d2l-ai/d2l-zh,552,138.0,383,948.0,45.142857142857146,1,Python,book|chinese|computer-vision|deep-learning|machine-learning|natural-language-processing|notebook|python,78314,12267,78314,130,2017-08-23T04:40:24Z,2026-06-13T19:08:15Z,2024-07-30T09:32:19Z,0,0,Apache-2.0,https://github.com/d2l-ai/d2l-zh,1,0,1,1,0,0,0,0.007048458149779736,2.7553956834532376,0.1566366596437464,0.0016599629700568218
103633984,goldbergyoni/nodebestpractices,1500,375.0,1352,0.0,0.0,0,Dockerfile,best-practices|es6|eslint|express|expressjs|javascript|jest|microservices|mocha|node-js|nodejs|nodejs-development|npm|rest|style-guide|styleguide|testing|types,105316,10720,105316,133,2017-09-15T08:33:19Z,2026-06-13T20:47:25Z,2025-04-15T21:52:42Z,0,0,CC-BY-SA-4.0,https://github.com/goldbergyoni/nodebestpractices,1,0,0,0,0,1,0,0.014242714851353533,3.595744680851064,0.10178793547100658,0.0012628540501533466
107111421,thedaviddias/Front-End-Checklist,1500,1500.0,1500,0.0,0.0,0,MDX,ai-agent|ai-agents|checklist|css|front-end-developer-tool|front-end-development|frontend|guidelines|html|javascript|lists|reference|resources|rules|web-development,72920,6650,72920,3,2017-10-16T10:12:36Z,2026-06-13T18:33:34Z,2026-06-09T20:18:49Z,0,0,No License,https://github.com/thedaviddias/Front-End-Checklist,1,1,1,0,0,1,0,0.02057020611346526,0.9993337774816788,0.09119458043636264,4.114041222693051e-05
109343098,serhii-londar/open-source-mac-os-apps,67,16.75,49,1433.0,102.35714285714286,1,Unknown,applications|apps|awesome|awesome-list|c|c-plus-plus|hacktoberfest|javascript|mac|macos|macos-application|macosx|objective-c|open-source|opensource|python|ruby|swift,49063,2585,49063,112,2017-11-03T02:35:33Z,2026-06-13T20:55:45Z,2026-04-15T22:47:24Z,0,0,CC0-1.0,https://github.com/serhii-londar/open-source-mac-os-apps,1,0,0,0,0,1,0,0.0013655633458340127,2.76056338028169,0.05268628729822273,0.0022827327572150662
110058856,LeCoupa/awesome-cheatsheets,19,4.75,8,1481.0,148.1,1,JavaScript,backend|bash|cheatsheet|cheatsheets|database|django|docker|feathersjs|frontend|javascript|kubernetes|language|nodejs|php|programming-language|redis|sailsjs|vim|vuejs|xcode,46007,6711,46007,138,2017-11-09T02:47:15Z,2026-06-13T16:58:22Z,2026-04-12T17:26:10Z,0,0,MIT,https://github.com/LeCoupa/awesome-cheatsheets,1,1,0,0,0,1,0,0.0004129716571031125,1.391304347826087,0.1458659363588941,0.002999478351591028
112507086,Chalarangelo/30-seconds-of-code,1500,750.0,1499,0.0,0.0,0,JavaScript,astro|awesome-list|css|education|es6-javascript|git|html|javascript|learn-to-code|learning-resources|nodejs|programming|snippets,128085,12477,128085,1,2017-11-29T17:35:03Z,2026-06-13T20:47:34Z,2026-06-11T06:35:33Z,0,0,CC-BY-4.0,https://github.com/Chalarangelo/30-seconds-of-code,1,0,1,0,0,1,0,0.01171088175132333,1.996005326231691,0.09741111440750745,7.80725450088222e-06
121395510,CyC2018/CS-Notes,1500,500.0,831,0.0,0.0,0,Unknown,algorithm|computer-science|cpp|interview|java|leetcode|python|system-design,184542,50892,184542,196,2018-02-13T14:56:24Z,2026-06-13T20:03:41Z,2024-08-21T09:40:10Z,0,0,No License,https://github.com/CyC2018/CS-Notes,1,0,0,0,0,0,0,0.008128186926624148,1.658682634730539,0.27577312604650406,0.0010620830917455553
126577260,trekhleb/javascript-algorithms,1500,500.0,1498,0.0,0.0,0,JavaScript,algorithm|algorithms|computer-science|data-structures|interview|interview-preparation|javascript|javascript-algorithms,196083,31057,196083,408,2018-03-24T07:47:04Z,2026-06-13T20:47:22Z,2026-05-28T14:30:51Z,0,0,MIT,https://github.com/trekhleb/javascript-algorithms,1,0,0,0,0,1,0,0.0076497827461700085,2.9900199600798403,0.15838620183186797,0.002080740906958242
133442384,denoland/deno,1500,1500.0,1500,0.0,0.0,0,Rust,deno|javascript|rust|typescript,107055,6065,107055,1356,2018-05-15T01:34:26Z,2026-06-13T20:46:41Z,2026-06-13T19:27:11Z,0,0,MIT,https://github.com/denoland/deno,1,0,0,0,0,1,0,0.014011358541324168,0.9993337774816788,0.056652593035420716,0.012666268121357047
135614069,sudheerj/reactjs-interview-questions,17,4.25,6,1483.0,43.61764705882353,1,JavaScript,interview-preparation|interview-questions|javascript|javascript-applications|javascript-framework|javascript-interview-questions|react|react-interview-questions|react-native|react-router|react16|reactjs|redux,44642,10370,44642,15,2018-05-31T17:17:01Z,2026-06-13T18:00:38Z,2026-04-27T15:17:39Z,0,0,MIT,https://github.com/sudheerj/reactjs-interview-questions,1,0,0,0,0,1,0,0.0003807987814438994,1.1428571428571428,0.23228725668077863,0.00033599892480344065
135786093,typescript-cheatsheets/react,829,207.25,376,671.0,39.47058823529411,1,TypeScript,cheatsheet|guide|react|typescript,47066,4292,47066,0,2018-06-02T04:08:16Z,2026-06-13T14:20:58Z,2026-05-29T19:52:44Z,0,0,MIT,https://github.com/typescript-cheatsheets/react,1,0,0,0,0,1,0,0.017613189708288186,1.8055222088835534,0.09118915588416512,0.0
139824423,Avik-Jain/100-Days-Of-ML-Code,200,50.0,116,1300.0,1300.0,1,Unknown,100-days-of-code-log|100daysofcode|deep-learning|implementation|infographics|linear-algebra|linear-regression|logistic-regression|machine-learning|machine-learning-algorithms|naive-bayes-classifier|python|scikit-learn|siraj-raval|siraj-raval-challenge|support-vector-machines|svm|tutorial,51241,11540,51241,68,2018-07-05T09:11:43Z,2026-06-13T17:57:44Z,2023-12-29T07:57:53Z,0,0,MIT,https://github.com/Avik-Jain/100-Days-Of-ML-Code,1,1,1,1,0,0,0,0.0039030482807072323,2.2745098039215685,0.2252058857968073,0.001327036415440459
155220641,huggingface/transformers,1500,375.0,924,0.0,0.0,0,Python,audio|deep-learning|deepseek|gemma|glm|hacktoberfest|llm|machine-learning|model-hub|natural-language-processing|nlp|pretrained-models|python|pytorch|pytorch-transformers|qwen|speech-recognition|transformer|vlm,161564,33496,161564,2435,2018-10-29T13:56:00Z,2026-06-13T20:11:21Z,2026-06-13T18:11:29Z,0,0,Apache-2.0,https://github.com/huggingface/transformers,1,1,1,1,0,0,1,0.00928418902608857,2.4574468085106385,0.20732213041190853,0.015071333519017113
156157055,GokuMohandas/Made-With-ML,1500,375.0,1494,0.0,0.0,0,Jupyter Notebook,data-engineering|data-quality|data-science|deep-learning|distributed-ml|distributed-training|llms|machine-learning|mlops|natural-language-processing|python|pytorch|ray,48019,7553,48019,25,2018-11-05T03:44:27Z,2026-06-13T20:40:54Z,2026-03-04T23:44:21Z,0,0,MIT,https://github.com/GokuMohandas/Made-With-ML,1,1,1,1,1,0,1,0.03123698458975427,3.973404255319149,0.15728862973760932,0.0005206164098292378
159152904,jeecgboot/JeecgBoot,155,38.75,95,1345.0,103.46153846153848,1,Java,activiti|agent|ai|antd|claude-code|cli|codegenerator|codex|flowable|langchain4j|llm|low-code|mcp|mybatis-plus|rag|skills|spring-ai|springboot|springcloud|vue3,46727,16050,46727,32,2018-11-26T10:40:00Z,2026-06-13T19:00:23Z,2026-06-13T02:08:37Z,0,0,Apache-2.0,https://github.com/jeecgboot/JeecgBoot,1,1,0,0,0,0,1,0.0033170689950350967,2.389937106918239,0.34347714432460197,0.000684814244136278
160919119,fastapi/fastapi,69,17.25,25,1431.0,119.25,1,Python,api|async|asyncio|fastapi|framework|json|json-schema|openapi|openapi3|pydantic|python|python-types|python3|redoc|rest|starlette|swagger|swagger-ui|uvicorn|web,99170,9432,99170,94,2018-12-08T08:21:47Z,2026-06-13T19:32:25Z,2026-06-13T18:22:49Z,0,0,MIT,https://github.com/fastapi/fastapi,1,0,0,0,0,1,0,0.0006957679160238376,1.36986301369863,0.09510844904256284,0.0009478577406701556
162998479,sherlock-project/sherlock,1500,750.0,1096,0.0,0.0,0,Python,cli|cti|cybersecurity|forensics|hacktoberfest|information-gathering|infosec|linux|osint|pentesting|python|python3|reconnaissance|redteam|sherlock|tools,84961,9924,84961,286,2018-12-24T14:30:48Z,2026-06-13T19:16:12Z,2026-06-13T06:30:41Z,0,0,MIT,https://github.com/sherlock-project/sherlock,1,1,0,0,0,0,0,0.017654951625432545,1.459387483355526,0.11680515995386173,0.003366210776582472
163591278,GitHubDaily/GitHubDaily,1096,274.0,559,404.0,202.0,0,Unknown,ai|algorithms-and-data-structures|backend|developer-tools|development|frontend|github|java|javascript|kubernetes|linux|markdown|open-source|python|tutorials|web,46766,4640,46766,642,2018-12-30T13:56:58Z,2026-06-13T16:14:14Z,2025-12-31T18:59:20Z,0,0,No License,https://github.com/GitHubDaily/GitHubDaily,1,1,0,0,0,1,0,0.023435328329805206,2.0327272727272727,0.09921525862253298,0.013727628455962537
172562475,florinpop17/app-ideas,309,77.25,190,1191.0,397.0,1,Unknown,applications|coding|codingchallenges|css|hacktoberfest|html|ideas|javascript|practice,94948,10485,94948,608,2019-02-25T18:36:56Z,2026-06-13T20:47:43Z,2025-10-11T14:51:21Z,0,0,MIT,https://github.com/florinpop17/app-ideas,1,0,1,0,0,1,0,0.0032543786664419845,2.428115015974441,0.11042770329334696,0.006403437634940863
192925833,prisma/prisma,73,18.25,42,1427.0,50.964285714285715,1,TypeScript,cockroachdb|database|javascript|mariadb|mongo|mongodb|mongodb-orm|mssql|mysql|nodejs|orm|postgres|postgresql|prisma|prisma-client|query-builder|sql-server|sqlite|sqlserver|typescript,46265,2242,46265,2620,2019-06-20T13:33:47Z,2026-06-13T18:40:57Z,2026-06-12T08:32:43Z,0,0,Apache-2.0,https://github.com/prisma/prisma,1,0,0,0,0,1,0,0.0015778325336099944,2.1818181818181817,0.04845891151169325,0.056629058055591576
202367615,lyswhut/lx-music-desktop,227,56.75,108,1273.0,106.08333333333331,1,TypeScript,electron|javascript|music-player|vue,51545,6857,51545,1206,2019-08-14T14:31:08Z,2026-06-13T18:58:45Z,2026-06-07T03:46:40Z,0,0,Apache-2.0,https://github.com/lyswhut/lx-music-desktop,1,0,0,0,0,1,0,0.004403833469134365,1.87012987012987,0.13302681100376362,0.023396577813991386
204086862,streamlit/streamlit,63,15.75,49,1437.0,718.5,1,Python,data-analysis|data-science|data-visualization|deep-learning|developer-tools|machine-learning|python|streamlit,44963,4279,44963,1322,2019-08-24T00:14:52Z,2026-06-13T18:27:45Z,2026-06-13T14:03:19Z,0,0,Apache-2.0,https://github.com/streamlit/streamlit,1,0,1,1,1,0,0,0.0014011208967173738,2.925373134328358,0.09516502090561338,0.029401298816831244
207645083,TanStack/query,38,9.5,19,1462.0,487.3333333333333,1,TypeScript,async|cache|data|fetch|graphql|hooks|query|react|rest|solid|stale|stale-while-revalidate|svelte|typescript|update|vue,49740,3885,49740,187,2019-09-10T19:23:58Z,2026-06-13T18:30:39Z,2026-06-12T20:20:01Z,0,0,MIT,https://github.com/TanStack/query,1,0,0,0,0,1,0,0.0007639572988078245,1.8095238095238095,0.0781045817333789,0.003759474075712189
208728772,milvus-io/milvus,389,97.25,204,1111.0,555.5,1,Go,anns|cloud-native|diskann|distributed|embedding-database|embedding-similarity|embedding-store|faiss|golang|hnsw|image-search|llm|nearest-neighbor-search|rag|vector-database|vector-search|vector-similarity|vector-store,44762,4065,44762,909,2019-09-16T06:43:43Z,2026-06-13T16:46:44Z,2026-06-13T01:12:21Z,0,0,Apache-2.0,https://github.com/milvus-io/milvus,1,1,0,0,0,0,1,0.008690212899046087,2.0763358778625953,0.09081160780108571,0.020306949936331344
212639071,bregman-arie/devops-exercises,1389,347.25,979,111.0,111.0,0,Python,ansible|aws|azure|coding|containers|devops|docker|git|interview|interview-questions|kubernetes|linux|openstack|production-engineer|prometheus|python|sql|sre|terraform,82751,19531,82751,47,2019-10-03T17:31:21Z,2026-06-13T20:56:47Z,2025-12-27T14:22:30Z,0,0,NOASSERTION,https://github.com/bregman-arie/devops-exercises,1,1,0,0,0,0,0,0.016785092807424594,2.8111988513998565,0.23601846481051816,0.0005679621036349575
221981891,microsoft/playwright,1500,750.0,1499,0.0,0.0,0,TypeScript,automation|chrome|chromium|e2e-testing|electron|end-to-end-testing|firefox|javascript|playwright|test|test-automation|testing|testing-tools|web|webkit,90886,6033,90886,178,2019-11-15T18:32:42Z,2026-06-13T20:04:43Z,2026-06-12T21:47:30Z,0,0,Apache-2.0,https://github.com/microsoft/playwright,1,0,0,0,0,1,0,0.016504010474545316,1.996005326231691,0.06637913012862126,0.001958475909646044
229764465,Asabeneh/30-Days-Of-JavaScript,1041,260.25,692,459.0,41.72727272727273,0,JavaScript,30daysofjavascript|angular|challenge|css|d3|d3js|html|javascript|javascript-for-everyone|js|json|node|nodejs|programming|react|redux|typescript|vue|webdevelopment|website,46454,10436,46454,367,2019-12-23T14:07:40Z,2026-06-13T17:47:47Z,2025-12-06T11:12:48Z,0,0,No License,https://github.com/Asabeneh/30-Days-Of-JavaScript,1,0,1,0,0,1,0,0.02240878269292864,2.648803827751196,0.22464750834140565,0.00790011839414487
255378816,bigskysoftware/htmx,1118,279.5,953,382.0,127.33333333333331,0,JavaScript,hateoas|html|htmx|hyperscript|javascript|rest,48197,1601,48197,663,2020-04-13T16:17:51Z,2026-06-13T15:09:29Z,2026-06-13T11:28:53Z,0,0,NOASSERTION,https://github.com/bigskysoftware/htmx,1,0,1,0,0,1,0,0.023195983235818913,3.3975044563279857,0.03321714593966554,0.013755757500311216
265612440,coqui-ai/TTS,303,75.75,260,1197.0,92.07692307692308,1,Python,deep-learning|glow-tts|hifigan|melgan|multi-speaker-tts|python|pytorch|speaker-encoder|speaker-encodings|speech|speech-synthesis|tacotron|text-to-speech|tts|tts-model|vocoder|voice-cloning|voice-conversion|voice-synthesis,45555,6115,45555,9,2020-05-20T15:45:28Z,2026-06-13T14:23:18Z,2024-08-16T12:07:14Z,0,0,MPL-2.0,https://github.com/coqui-ai/TTS,1,0,0,1,0,0,0,0.006651154622881728,3.3876221498371337,0.13423039775221704,0.00019755904820440776
266417772,SimplifyJobs/Summer2026-Internships,176,44.0,76,1324.0,88.26666666666667,1,Python,data-science|fall-2026|github|internship|internships|interview-preparation|jobs|software-engineering|university,44903,3181,44903,5,2020-05-23T20:53:18Z,2026-06-13T20:30:32Z,2026-06-13T20:30:28Z,0,0,No License,https://github.com/SimplifyJobs/Summer2026-Internships,1,0,0,0,1,0,0,0.0039194726527703545,1.6888888888888889,0.07084001425262783,0.0001113486549082487
274495425,remotion-dev/remotion,1500,1500.0,1500,0.0,0.0,0,TypeScript,javascript|react|video,50012,3575,50012,134,2020-06-23T19:49:10Z,2026-06-13T20:59:41Z,2026-06-13T20:38:20Z,0,0,NOASSERTION,https://github.com/remotion-dev/remotion,1,0,0,0,0,1,0,0.029992202027472856,0.9993337774816788,0.07148141483214364,0.0026793033811209088
287463830,microsoft/qlib,546,136.5,211,954.0,119.25,1,Python,algorithmic-trading|auto-quant|deep-learning|finance|fintech|investment|machine-learning|paper|platform|python|quant|quant-dataset|quant-models|quantitative-finance|quantitative-trading|research|research-paper|stock-data,44357,7008,44357,424,2020-08-14T06:46:00Z,2026-06-13T20:38:07Z,2026-04-22T07:08:01Z,0,0,MIT,https://github.com/microsoft/qlib,1,0,1,1,0,0,0,0.01230894089003111,1.5345454545454544,0.15798728526984987,0.00955859146039046
307260205,yt-dlp/yt-dlp,42,10.5,15,1458.0,47.03225806451613,1,Python,cli|downloader|python|sponsorblock|youtube-dl|youtube-downloader|yt-dlp,170363,14358,170363,2535,2020-10-26T04:22:55Z,2026-06-13T20:54:13Z,2026-06-12T22:55:22Z,0,0,Unlicense,https://github.com/yt-dlp/yt-dlp,1,0,0,0,0,0,0,0.0002465309572444883,1.3043478260869565,0.0842783686694372,0.014879904205113757
311525798,microsoft/Web-Dev-For-Beginners,1500,750.0,1212,0.0,0.0,0,JavaScript,css|curriculum|education|html|javascript|learning|microsoft-for-beginners|tutorials,95878,15593,95878,74,2020-11-10T02:44:00Z,2026-06-13T20:54:28Z,2026-06-05T19:17:29Z,0,0,MIT,https://github.com/microsoft/Web-Dev-For-Beginners,1,0,1,0,0,1,0,0.015644718864402007,1.6138482023968042,0.162632067501747,0.0007718061306438323
343965132,microsoft/ML-For-Beginners,1500,750.0,1499,0.0,0.0,0,Jupyter Notebook,data-science|education|machine-learning|machine-learning-algorithms|machinelearning|machinelearning-python|microsoft-for-beginners|ml|python|r|scikit-learn|scikit-learn-python,86796,21068,86796,11,2021-03-03T01:34:05Z,2026-06-13T20:39:05Z,2026-06-09T14:40:21Z,0,0,MIT,https://github.com/microsoft/ML-For-Beginners,1,0,1,0,1,0,0,0.017281703284675737,1.996005326231691,0.2427272832010323,0.00012673249075428875
344190478,microsoft/AI-For-Beginners,129,32.25,45,1371.0,80.6470588235294,1,Jupyter Notebook,ai|artificial-intelligence|cnn|computer-vision|deep-learning|gan|machine-learning|microsoft-for-beginners|nlp|rnn,48114,9966,48114,9,2021-03-03T16:27:36Z,2026-06-13T20:13:08Z,2026-06-11T01:06:57Z,0,0,MIT,https://github.com/microsoft/AI-For-Beginners,1,1,1,1,0,0,0,0.0026810765873428247,1.3533834586466165,0.20712875402681077,0.00018705185493089472
357728969,oven-sh/bun,22,5.5,12,1478.0,38.89473684210526,1,Rust,bun|bundler|javascript|javascriptcore|jsx|nodejs|npm|react|transpiler|typescript|zig|ziglang,93148,4699,93148,7169,2021-04-14T00:48:17Z,2026-06-13T20:42:32Z,2026-06-13T20:58:09Z,0,0,NOASSERTION,https://github.com/oven-sh/bun,1,0,0,0,0,1,0,0.00023618074268108084,1.8461538461538463,0.05044605953901813,0.0769627156491213
364474335,google/zx,1500,1500.0,1500,0.0,0.0,0,JavaScript,bash|child-process|cli|exec|javascript|nodejs|pipe|shell|spawn,45534,1268,45534,53,2021-05-05T05:50:01Z,2026-06-13T19:46:53Z,2026-06-13T01:03:50Z,0,0,Apache-2.0,https://github.com/google/zx,1,0,0,0,0,1,0,0.032941693203030635,0.9993337774816788,0.0278467113209619,0.0011639398265070825
365739812,tldraw/tldraw,1500,500.0,1498,0.0,0.0,0,TypeScript,canvas|collaboration|design|diagram|drawing|infinite|multiplayer|react|sdk|sketch|sync|whiteboard,47776,3296,47776,423,2021-05-09T11:48:37Z,2026-06-13T21:00:06Z,2026-06-13T20:53:04Z,0,0,NOASSERTION,https://github.com/tldraw/tldraw,1,0,0,0,0,1,0,0.031395859932603555,2.9900199600798403,0.06898716955857422,0.008853632500994203
453717720,AykutSarac/jsoncrack.com,46,11.5,35,1454.0,181.75,1,TypeScript,csv|diagrams|graph|json|nextjs|react|tool|visualization|yaml,44126,3554,44126,36,2022-01-30T15:25:18Z,2026-06-13T20:16:29Z,2026-05-15T20:43:28Z,0,0,Apache-2.0,https://github.com/AykutSarac/jsoncrack.com,1,0,1,0,0,1,0,0.0010424456681850114,2.8,0.08054025879846806,0.0008158270446665307
455229168,immich-app/immich,310,77.5,173,1190.0,74.375,1,TypeScript,backup-tool|flutter|google-photos|google-photos-alternative|javascript|mobile-app|nestjs|nodejs|photo-gallery|photos|photos-management|self-hosted|svelte|sveltekit|typescript|videos,103247,5841,103247,647,2022-02-03T15:56:27Z,2026-06-13T20:37:39Z,2026-06-13T20:01:39Z,0,0,AGPL-3.0,https://github.com/immich-app/immich,1,0,0,0,0,1,0,0.0030024794669146135,2.2038216560509554,0.05657252440725244,0.006266465209979854
522158088,zhayujie/CowAgent,50,12.5,18,1450.0,290.0,1,Python,ai|ai-agent|ai-agents|chatgpt-on-wechat|claude|claude-code|codex|cowagent|deepseek|harness|llm|mcp|multi-agent|openai|openclaw|skills,45278,10197,45278,17,2022-08-07T08:33:41Z,2026-06-13T17:58:10Z,2026-06-13T10:23:57Z,0,0,MIT,https://github.com/zhayujie/CowAgent,1,1,0,0,0,0,1,0.001104264670156143,1.3333333333333333,0.2252037368316438,0.00037544998785308864
523043277,astral-sh/ruff,1500,750.0,1347,0.0,0.0,0,Rust,linter|pep8|python|python3|ruff|rust|rustpython|static-analysis|static-code-analysis|style-guide|styleguide,47960,2148,47960,2004,2022-08-09T17:17:44Z,2026-06-13T19:53:47Z,2026-06-13T20:32:00Z,0,0,MIT,https://github.com/astral-sh/ruff,1,0,0,0,0,0,0,0.03127541127165822,1.7936085219707056,0.044786388941014575,0.041783949458935384
527591471,AUTOMATIC1111/stable-diffusion-webui,1500,500.0,995,0.0,0.0,0,Python,ai|ai-art|deep-learning|diffusion|gradio|image-generation|image2image|img2img|pytorch|stable-diffusion|text2image|torch|txt2img|unstable|upscaling|web,163676,30368,163676,2490,2022-08-22T14:05:26Z,2026-06-13T19:07:13Z,2026-03-02T07:00:53Z,0,0,AGPL-3.0,https://github.com/AUTOMATIC1111/stable-diffusion-webui,1,1,0,1,0,1,0,0.00916439084294067,1.9860279441117765,0.1855361474122815,0.015212888799281512
542284380,usebruno/bruno,130,32.5,45,1370.0,30.444444444444443,1,JavaScript,api-client|api-testing|automation|developer-tools|git|graphql-client|http-client|javascript|openapi|openapi3|opensource|rest-api|testing|testing-tools,44879,2575,44879,1711,2022-09-27T20:51:45Z,2026-06-13T19:54:41Z,2026-06-12T18:13:27Z,0,0,MIT,https://github.com/usebruno/bruno,1,0,0,0,0,1,0,0.002896613190730838,1.3432835820895523,0.057375222816399285,0.038123885918003565
552661142,langchain-ai/langchain,367,91.75,128,1133.0,161.85714285714286,1,Python,agents|ai|ai-agents|anthropic|chatgpt|deepagents|enterprise|framework|gemini|generative-ai|langchain|langgraph|llm|multiagent|open-source|openai|pydantic|python|rag|typescript,139206,23077,139206,414,2022-10-17T02:58:36Z,2026-06-13T20:04:36Z,2026-06-13T09:04:53Z,0,0,MIT,https://github.com/langchain-ai/langchain,1,1,0,0,0,0,1,0.002636361677214508,1.3800539083557952,0.16577470960512042,0.0029739883770212704
560704231,run-llama/llama_index,179,44.75,77,1321.0,220.16666666666663,1,Python,agents|application|data|fine-tuning|framework|llamaindex|llm|multi-agents|rag|vector-database,50109,7553,50109,437,2022-11-02T04:24:54Z,2026-06-13T15:38:33Z,2026-06-12T19:29:18Z,0,0,MIT,https://github.com/run-llama/llama_index,1,1,0,0,0,0,1,0.0035721412891638396,1.6830601092896176,0.15072839752544404,0.00872081420874077
568098118,makeplane/plane,5,1.25,2,1495.0,99.66666666666669,1,TypeScript,boards|bug-tracker|django|docker|gantt|issue-tracker|jira|jira-alternative|kanban|linear|postgresql|product-management|project-management|project-planning|python|react|redis|typescipt|vite|work-management,50762,4498,50762,894,2022-11-19T12:55:01Z,2026-06-13T20:59:26Z,2026-06-10T10:47:08Z,0,0,AGPL-3.0,https://github.com/makeplane/plane,1,0,0,0,0,1,0,9.849693674526722e-05,0.8888888888888888,0.08860784429604239,0.01761125229005378
572984571,twentyhq/twenty,8,2.0,3,1492.0,135.63636363636363,1,TypeScript,crm|crm-system|customer|good-first-issue|graphql|hacktoberfest|javascript|marketing|monorepo|nestjs|open-source|postgresql|react|reactjs|sales|typescript|web,49849,7205,49849,151,2022-12-01T13:04:40Z,2026-06-13T20:59:48Z,2026-06-13T20:48:55Z,0,0,NOASSERTION,https://github.com/twentyhq/twenty,1,0,0,0,0,1,0,0.000160481444332999,1.0,0.1445336008024072,0.003029087261785356
574523116,f/prompts.chat,1500,1500.0,1500,0.0,0.0,0,HTML,ai|artificial-intelligence|awesome-list|chatgpt|chatgpt-prompts|claude|gemini|gpt|gpt-4|llm|machine-learning|nextjs|open-source|openai|prompt-engineering|prompts|prompts-chat|typescript,163673,21224,163673,50,2022-12-05T13:54:13Z,2026-06-13T20:44:47Z,2026-06-13T04:34:29Z,0,0,NOASSERTION,https://github.com/f/prompts.chat,1,1,1,0,0,0,1,0.009164558818138494,0.9993337774816788,0.12967239757078095,0.0003054852939379498
579082810,dair-ai/Prompt-Engineering-Guide,967,241.75,314,533.0,177.66666666666666,1,MDX,agent|agents|ai-agents|chatgpt|deep-learning|generative-ai|language-model|llms|openai|prompt-engineering|rag,75589,8207,75589,268,2022-12-16T16:04:50Z,2026-06-13T20:34:52Z,2026-03-11T20:09:13Z,0,0,MIT,https://github.com/dair-ai/Prompt-Engineering-Guide,1,1,0,1,0,0,1,0.012792697446752216,1.29351184346035,0.10857256250826829,0.0035454425188517
585146387,shadcn-ui/ui,1500,375.0,658,0.0,0.0,0,TypeScript,base-ui|components|laravel|nextjs|radix-ui|react|shadcn|tailwindcss|tanstack|ui|vite,116491,9052,116491,2034,2023-01-04T12:43:27Z,2026-06-13T20:47:19Z,2026-06-11T16:46:22Z,0,0,MIT,https://github.com/shadcn-ui/ui,1,1,0,0,0,1,0,0.012876420698417058,1.75,0.07770490677471414,0.017460426467053532
589831718,Comfy-Org/ComfyUI,221,55.25,105,1279.0,255.8,1,Python,ai|comfy|comfyui|python|pytorch|stable-diffusion,116862,13672,116862,4122,2023-01-17T03:15:56Z,2026-06-13T20:54:51Z,2026-06-13T19:50:31Z,0,0,GPL-3.0,https://github.com/Comfy-Org/ComfyUI,1,1,0,0,0,0,0,0.0018911032576606796,1.8666666666666667,0.11699169112550593,0.035272070715281996
599320067,langflow-ai/langflow,1500,750.0,829,0.0,0.0,0,Python,agents|chatgpt|generative-ai|large-language-models|multiagent|react-flow,149625,9259,149625,947,2023-02-08T22:28:03Z,2026-06-13T20:57:07Z,2026-06-13T20:45:23Z,0,0,MIT,https://github.com/langflow-ai/langflow,1,1,0,0,0,1,1,0.010024995655835216,1.103861517976032,0.06188095651825218,0.006329113924050633
599547518,vllm-project/vllm,1500,750.0,1499,0.0,0.0,0,Python,amd|blackwell|cuda|deepseek|deepseek-v3|gpt|gpt-oss|inference|kimi|llama|llm|llm-serving|model-serving|moe|openai|pytorch|qwen|qwen3|tpu|transformer,82772,18023,82772,5391,2023-02-09T11:23:20Z,2026-06-13T20:21:52Z,2026-06-13T19:05:47Z,0,0,Apache-2.0,https://github.com/vllm-project/vllm,1,1,0,0,0,0,1,0.018121851328331703,1.996005326231691,0.21774008432701486,0.06512993367402414
612344730,ChatGPTNextWeb/NextChat,1500,750.0,1162,0.0,0.0,0,TypeScript,calclaude|chatgpt|claude|cross-platform|desktop|fe|gemini|gemini-pro|gemini-server|gemini-ultra|gpt-4o|groq|nextjs|ollama|react|tauri|tauri-app|vercel|webui,88240,59583,88240,839,2023-03-10T18:27:54Z,2026-06-13T20:08:41Z,2026-05-15T01:19:01Z,0,0,MIT,https://github.com/ChatGPTNextWeb/NextChat,1,0,0,0,0,1,0,0.01699890073775229,1.5472703062583222,0.6752303351049965,0.00950805181264945
614765452,Significant-Gravitas/AutoGPT,1500,500.0,1475,0.0,0.0,0,Python,agentic-ai|agents|ai|artificial-intelligence|autonomous-agents|claude|gpt|llama-api|llm|openai|python,184930,46145,184930,434,2023-03-16T09:21:07Z,2026-06-13T20:55:47Z,2026-06-13T14:30:13Z,0,0,NOASSERTION,https://github.com/Significant-Gravitas/AutoGPT,1,1,0,0,0,0,1,0.008111133341624714,2.9441117764471056,0.24952549869951496,0.0023468212468434175
615869301,mudler/LocalAI,203,50.75,77,1297.0,432.3333333333333,1,Go,agents|ai|api|audio-generation|decentralized|distributed|image-generation|libp2p|llama|llm|mamba|mcp|musicgen|object-detection|rerank|stable-diffusion|text-generation|tts,46831,4134,46831,188,2023-03-18T22:58:02Z,2026-06-13T20:42:50Z,2026-06-13T20:55:39Z,0,0,MIT,https://github.com/mudler/LocalAI,1,1,0,0,0,0,1,0.004334642979159549,1.4879227053140096,0.08827297574308166,0.004014349162965494
621803253,FlowiseAI/Flowise,1500,375.0,729,0.0,0.0,0,TypeScript,agentic-ai|agentic-workflow|agents|artificial-intelligence|chatbot|chatgpt|javascript|langchain|large-language-models|low-code|multiagent-systems|no-code|openai|rag|react|typescript|workflow-automation,53545,24511,53545,915,2023-03-31T12:23:09Z,2026-06-13T20:06:28Z,2026-06-10T07:32:39Z,0,0,NOASSERTION,https://github.com/FlowiseAI/Flowise,1,1,0,0,0,1,1,0.028013296978299032,1.9388297872340425,0.45775594815672505,0.017088111156762408
626805178,langgenius/dify,18,4.5,8,1482.0,741.0,1,TypeScript,agent|agentic-ai|agentic-framework|agentic-workflow|ai|automation|gemini|genai|gpt|gpt-4|llm|low-code|mcp|nextjs|no-code|openai|orchestration|python|rag|workflow,145081,22834,145081,748,2023-04-12T07:40:24Z,2026-06-13T20:26:46Z,2026-06-13T12:27:01Z,0,0,NOASSERTION,https://github.com/langgenius/dify,1,1,0,0,0,0,1,0.0001240677685722557,1.4545454545454546,0.1573868570877159,0.0051557050495581805
655099582,mlabonne/llm-course,321,80.25,283,1179.0,58.95,1,Unknown,course|large-language-models|llm|machine-learning|roadmap,80097,9325,80097,84,2023-06-17T22:16:25Z,2026-06-13T20:37:02Z,2026-02-05T13:09:26Z,0,0,Apache-2.0,https://github.com/mlabonne/llm-course,1,0,1,0,0,0,1,0.004007590701390796,3.483076923076923,0.11641988564009088,0.0010487153237284327
655806940,microsoft/generative-ai-for-beginners,1500,750.0,1448,0.0,0.0,0,Jupyter Notebook,ai|azure|chatgpt|dall-e|generative-ai|generativeai|gpt|language-model|llms|microsoft-for-beginners|openai|prompt-engineering|semantic-search|transformers,111933,60109,111933,3,2023-06-19T16:28:59Z,2026-06-13T20:23:19Z,2026-06-11T03:44:25Z,0,0,MIT,https://github.com/microsoft/generative-ai-for-beginners,1,1,0,0,0,0,1,0.013400754015759287,1.9280958721704393,0.5370039487555166,2.6801508031518573e-05
658928958,ollama/ollama,1500,375.0,1492,0.0,0.0,0,Go,deepseek|gemma|gemma3|glm|go|golang|gpt-oss|llama|llama3|llm|llms|minimax|mistral|ollama|qwen,174059,16595,174059,3403,2023-06-26T19:39:32Z,2026-06-13T20:59:39Z,2026-06-13T19:06:43Z,0,0,MIT,https://github.com/ollama/ollama,1,0,0,0,0,0,1,0.008617718028266115,3.9680851063829787,0.09534068711938412,0.019550729633459725
669879380,rasbt/LLMs-from-scratch,41,10.25,36,1459.0,104.21428571428572,1,Jupyter Notebook,ai|artificial-intelligence|attention-mechanism|deep-learning|finetuning|from-scratch|generative-ai|gpt|instruction-tuning|language-model|large-language-models|llm|machine-learning|natural-language-processing|pretraining|python|pytorch|tokenizer|transformers,97103,14853,97103,3,2023-07-23T18:15:57Z,2026-06-13T20:37:46Z,2026-06-02T14:14:19Z,0,0,NOASSERTION,https://github.com/rasbt/LLMs-from-scratch,1,1,1,1,0,0,1,0.0004222277146152579,3.2,0.15295971329708355,3.089471082550667e-05
671269505,BerriAI/litellm,579,144.75,253,921.0,131.57142857142858,1,Python,ai-gateway|anthropic|azure-openai|bedrock|gateway|langchain|litellm|llm|llm-gateway|llmops|mcp-gateway|openai|openai-proxy|vertex-ai,50264,8857,50264,3449,2023-07-27T00:09:52Z,2026-06-13T21:04:09Z,2026-06-13T21:04:06Z,0,0,NOASSERTION,https://github.com/BerriAI/litellm,1,1,0,0,0,0,1,0.011518949567293345,1.7358490566037736,0.17620610762956332,0.06861633343280613
695864515,hacksider/Deep-Live-Cam,27,6.75,11,1473.0,37.76923076923077,1,Python,ai|ai-deep-fake|ai-face|ai-webcam|artificial-intelligence|deep-fake|deepfake|deepfake-webcam|faceswap|fake-webcam|gan|real-time-deepfake|realtime|realtime-deepfake|realtime-face-changer|video-deepfake|webcam|webcamera,93802,13682,93802,122,2023-09-24T13:19:31Z,2026-06-13T20:53:34Z,2026-05-31T16:50:59Z,0,0,AGPL-3.0,https://github.com/hacksider/Deep-Live-Cam,1,1,0,0,0,1,0,0.00028783727599330513,1.4193548387096775,0.14585887444964446,0.001300598061895675
699532645,astral-sh/uv,1500,1500.0,1500,0.0,0.0,0,Rust,packaging|python|resolver|uv,86336,3197,86336,2701,2023-10-02T20:24:11Z,2026-06-13T20:46:40Z,2026-06-13T20:19:57Z,0,0,Apache-2.0,https://github.com/astral-sh/uv,1,0,0,0,0,0,0,0.017373779491990687,0.9993337774816788,0.03702931535726282,0.03128438560524457
701547123,open-webui/open-webui,95,23.75,67,1405.0,200.71428571428572,1,Python,ai|llm|llm-ui|llm-webui|llms|mcp|ollama|ollama-webui|open-webui|openai|openapi|rag|self-hosted|ui|webui,141381,20311,141381,458,2023-10-06T22:08:27Z,2026-06-13T21:03:39Z,2026-06-13T13:19:10Z,0,0,NOASSERTION,https://github.com/open-webui/open-webui,1,1,0,0,0,1,1,0.0006719384362931632,2.707070707070707,0.14366043767947828,0.0032394505665501974
770153867,harry0703/MoneyPrinterTurbo,1500,500.0,881,0.0,0.0,0,Python,ai|automation|chatgpt|moviepy|python|shortvideo|tiktok,87240,12483,87240,37,2024-03-11T02:57:34Z,2026-06-13T20:58:39Z,2026-06-13T02:29:51Z,0,0,MIT,https://github.com/harry0703/MoneyPrinterTurbo,1,1,0,0,0,0,0,0.017193750644765648,1.7584830339321358,0.14308639286573974,0.00042411251590421934
771302083,OpenHands/OpenHands,1500,750.0,1261,0.0,0.0,0,Python,agent|artificial-intelligence|chatgpt|claude-ai|cli|developer-tools|gpt|llm|openai,76856,9764,76856,335,2024-03-13T03:33:31Z,2026-06-13T20:54:33Z,2026-06-13T20:52:27Z,0,0,NOASSERTION,https://github.com/OpenHands/OpenHands,1,1,0,0,0,0,1,0.01951676490105,1.6790945406125166,0.1270411283292348,0.0043587441612345
787076358,firecrawl/firecrawl,1500,750.0,1146,0.0,0.0,0,TypeScript,ai|ai-agents|ai-crawler|ai-scraping|ai-search|crawler|data-extraction|html-to-markdown|llm|markdown|scraper|scraping|web-crawler|web-data|web-data-extraction|web-scraper|web-scraping|web-search|webscraping,132342,7787,132342,384,2024-04-15T21:02:29Z,2026-06-13T20:48:42Z,2026-06-13T20:03:23Z,0,0,AGPL-3.0,https://github.com/firecrawl/firecrawl,1,1,1,0,0,1,1,0.011334184656536425,1.525965379494008,0.05883953061363276,0.0029015512720733244
793375104,Shubhamsaboo/awesome-llm-apps,803,200.75,276,697.0,348.5,1,Python,agents|llms|python|rag,114447,16987,114447,14,2024-04-29T05:30:25Z,2026-06-13T20:54:22Z,2026-06-13T04:52:12Z,0,0,Apache-2.0,https://github.com/Shubhamsaboo/awesome-llm-apps,1,0,0,0,0,0,1,0.00701628687264085,1.3680297397769516,0.14842548581014958,0.00012232629665874457
834369920,jingyaogong/minimind,1500,375.0,1107,0.0,0.0,0,Python,artificial-intelligence|large-language-model,51700,6640,51700,42,2024-07-27T04:34:12Z,2026-06-13T17:12:34Z,2026-06-01T09:50:49Z,0,0,Apache-2.0,https://github.com/jingyaogong/minimind,1,1,0,0,0,0,1,0.029012978472369975,2.9441489361702127,0.12843078470435776,0.0008123633972263593
881458615,browser-use/browser-use,1500,750.0,1396,0.0,0.0,0,Python,ai-agents|ai-tools|browser-automation|browser-use|llm|playwright|python,98673,11009,98673,292,2024-10-31T16:00:56Z,2026-06-13T20:51:42Z,2026-06-13T03:33:33Z,0,0,MIT,https://github.com/browser-use/browser-use,1,1,0,0,0,0,1,0.015201572856071509,1.858854860186418,0.11156941038166082,0.00295923951598192
909213664,TauricResearch/TradingAgents,79,19.75,35,1421.0,71.05,1,Python,agent|finance|llm|multiagent|trading,85800,16572,85800,351,2024-12-28T03:31:08Z,2026-06-13T21:04:30Z,2026-06-13T20:50:22Z,0,0,Apache-2.0,https://github.com/TauricResearch/TradingAgents,1,0,0,0,0,0,1,0.0009207351895665552,1.6867469879518073,0.19314460204426523,0.004090861411871657
969302809,hesreallyhim/awesome-claude-code,25,6.25,15,1475.0,295.0,1,Python,agent-skills|agentic-code|agentic-coding|ai-workflow-optimization|ai-workflows|anthropic|anthropic-claude|awesome|awesome-claude-code|awesome-list|awesome-lists|awesome-resources|claude|claude-code|coding-agent|coding-agents|coding-assistant|coding-assistants|llm,46358,4040,46358,460,2025-04-19T20:55:59Z,2026-06-13T21:02:16Z,2026-04-27T14:40:18Z,0,0,NOASSERTION,https://github.com/hesreallyhim/awesome-claude-code,1,1,0,0,0,0,1,0.0005392696132358334,2.0689655172413794,0.08714596949891068,0.009922560883539334
997737944,ruvnet/RuView,20,5.0,12,1480.0,56.92307692307692,1,Rust,awesome|claude|densepose|esp32|firmware|home-assistant|home-automation|iot|monitoring|networking|npm|pose-estimation|react|rf|self-learning|skills|spatial-intelligence|typescript|wifi|wifi-security,73633,9823,73633,224,2025-06-07T04:32:30Z,2026-06-13T20:59:53Z,2026-06-13T20:41:13Z,0,0,MIT,https://github.com/ruvnet/RuView,1,0,0,0,0,1,0,0.0002716136567346606,2.0,0.13340304750522855,0.003042072955428199
1024554267,NousResearch/hermes-agent,1273,318.25,1269,227.0,227.0,0,Python,ai|ai-agent|ai-agents|anthropic|chatgpt|claude|claude-code|clawdbot|codex|hermes|hermes-agent|llm|moltbot|nous-research|openai|openclaw,192692,33623,192692,20282,2025-07-22T22:22:28Z,2026-06-13T21:03:13Z,2026-06-13T20:56:33Z,0,0,MIT,https://github.com/NousResearch/hermes-agent,1,1,0,0,0,0,1,0.006606363490111213,3.9749412685982772,0.1744899918523247,0.1052555100600437
1048065319,thedotmack/claude-mem,14,3.5,8,1486.0,165.11111111111111,1,JavaScript,ai|ai-agents|ai-memory|anthropic|artificial-intelligence|chromadb|claude|claude-agent-sdk|claude-agents|claude-code|claude-code-plugin|claude-skills|embeddings|long-term-memory|mem0|memory-engine|openmemory|rag|sqlite|supermemory,82131,7091,82131,123,2025-08-31T20:50:03Z,2026-06-13T20:46:57Z,2026-06-13T01:13:33Z,0,0,Apache-2.0,https://github.com/thedotmack/claude-mem,1,1,0,0,0,0,0,0.00017045731261871135,1.7777777777777777,0.0863366288413773,0.0014975892465786782
1106996539,nextlevelbuilder/ui-ux-pro-max-skill,1500,375.0,747,0.0,0.0,0,Python,ai-skills|antigravity|claude|claude-code|codex|command-line|copilot|cursor-ai|html5|kiro|landing-page|mobile-ui|qoder|react|tailwindcss|trae|ui-design|uikit|windsurf-ai,91269,9530,91269,189,2025-11-30T11:36:31Z,2026-06-13T20:58:59Z,2026-04-03T05:08:19Z,0,0,MIT,https://github.com/nextlevelbuilder/ui-ux-pro-max-skill,1,1,1,0,0,1,0,0.016434754026514738,1.9867021276595744,0.10441547058179029,0.0020707790073408567
1136590548,affaan-m/ECC,1500,750.0,792,0.0,0.0,0,JavaScript,ai-agents|anthropic|claude|claude-code|developer-tools|llm|mcp|productivity,214843,33020,214843,56,2026-01-18T00:51:51Z,2026-06-13T21:06:26Z,2026-06-11T20:24:32Z,0,0,MIT,https://github.com/affaan-m/ECC,1,1,0,0,0,0,1,0.006981810057530115,1.0545938748335553,0.1536929120664296,0.00026065424214779094
1147094660,HKUDS/nanobot,1500,750.0,1246,0.0,0.0,0,Python,ai|ai-agent|ai-agents|anthropic|chatgpt|claude|claude-code|codex|codex-cli|llm|nanobot|openai|openclaw,44158,7809,44158,878,2026-02-01T07:16:15Z,2026-06-13T18:02:39Z,2026-06-13T18:10:26Z,0,0,MIT,https://github.com/HKUDS/nanobot,1,1,0,0,0,0,1,0.03396816051088113,1.659121171770972,0.17683824361964717,0.01988269661903576
